{
    "average_load_times": {
        "0-500": 0.10032125314076741,
        "500-1024": 0.024991989135742188,
        "1024-5120": 0.3065632979075114,
        "5120-25600": 0.8387300968170166,
        "25600-128000": 1.0240560120227291,
        "128000-512000": 1.057474079402352,
        "512000-1048576": 1.2349565744400024,
        "1048576-5242880": 2.326309476579939
    },
    "page_counts": {
        "0-500": 6,
        "500-1024": 3,
        "1024-5120": 6,
        "5120-25600": 1,
        "25600-128000": 255,
        "128000-512000": 247,
        "512000-1048576": 10,
        "1048576-5242880": 7
    },
    "correlation_coefficient": 0.2250311155537684
}